kernel	arch	opt	dataset	type	correct	kernel_cycles	prog_cycles	bundles_dyn	text_bytes	insns_static	bundles_static	kernel_insns	simd_insns	scalar_fma
correlation	lvx-1	2	MINI	double	ok	100221	179809	109176	60856	13330	7934	248	0	5
covariance	lvx-1	2	MINI	double	ok	96870	176421	104392	59704	13086	7798	194	0	3
2mm	lvx-1	2	MINI	double	ok	95127	184020	112919	59960	13140	7829	249	0	5
3mm	lvx-1	2	MINI	double	ok	143341	235031	144255	60120	13180	7848	288	0	3
atax	lvx-1	2	MINI	double	ok	17976	110820	64676	59528	13055	7781	165	0	3
bicg	lvx-1	2	MINI	double	ok	18009	110241	66881	59704	13090	7801	201	0	2
doitgen	lvx-1	2	MINI	double	ok	85042	169945	100694	59928	13135	7832	243	0	2
mvt	lvx-1	2	MINI	double	fp-5	18695	110246	62773	59832	13113	7811	224	0	2
gemm	lvx-1	2	MINI	double	ok	110858	202264	143880	59704	13084	7803	194	0	3
gemver	lvx-1	2	MINI	double	ok	36825	131337	81096	59928	13140	7828	248	0	9
gesummv	lvx-1	2	MINI	double	fp-3	10367	102696	57751	59560	13062	7783	172	0	4
symm	lvx-1	2	MINI	double	fp-35	75968	157552	102256	59752	13098	7801	207	0	7
syr2k	lvx-1	2	MINI	double	fp-12	129738	223590	140468	59720	13088	7803	196	0	5
syrk	lvx-1	2	MINI	double	ok	83209	170001	108984	59592	13061	7790	169	0	3
trmm	lvx-1	2	MINI	double	fp-22	46605	126913	70927	59704	13079	7793	189	0	3
cholesky	lvx-1	2	MINI	double	fp-138	68019	622100	427720	60680	13303	7914	221	0	3
durbin	lvx-1	2	MINI	double	ok	13685	85129	43264	59496	13052	7779	163	0	4
gramschmidt	lvx-1	2	MINI	double	fp-contract	120382	202197	128546	60936	13345	7936	261	0	5
lu	lvx-1	2	MINI	double	fp-272	145658	699820	474891	59816	13121	7816	231	0	3
ludcmp	lvx-1	2	MINI	double	ok	134621	691997	463156	60232	13211	7864	321	0	6
trisolv	lvx-1	2	MINI	double	ok	4659	83895	44265	59448	13034	7770	145	0	1
deriche	lvx-1	2	MINI	double	ok	213187	315929	187050	60056	13145	7828	255	0	16
floyd-warshall	lvx-1	2	MINI	double	ok	1746373	1929403	1613345	59496	13037	7774	146	0	0
nussinov	lvx-1	2	MINI	double	ok	424225	497544	289769	59624	13072	7787	183	0	0
adi	lvx-1	2	MINI	double	ok	427253	503175	311258	59944	13134	7820	243	0	14
fdtd-2d	lvx-1	2	MINI	double	ok	304782	390721	287267	60184	13187	7851	298	0	6
heat-3d	lvx-1	2	MINI	double	ok	423520	504775	333097	59896	13113	7816	224	0	13
jacobi-1d	lvx-1	2	MINI	double	ok	10312	81862	44158	59384	13020	7766	130	0	2
jacobi-2d	lvx-1	2	MINI	double	ok	416816	505524	362425	59560	13058	7785	169	0	4
seidel-2d	lvx-1	2	MINI	double	ok	501694	590057	368259	59448	13032	7771	141	0	1
